instance,algorithm,run,makespan,time
SFJS1,ACSi,1,66,13
SFJS1,ACSi,2,66,3
SFJS1,ACSi,3,66,3
SFJS1,ACSi,4,66,3
SFJS1,ACSi,5,66,3
SFJS1,ACSi,6,66,2
SFJS1,ACSi,7,66,3
SFJS1,ACSi,8,66,2
SFJS1,ACSi,9,66,2
SFJS1,ACSi,10,66,2
SFJS1,ACSi,11,66,2
SFJS1,ACSi,12,66,2
SFJS1,ACSi,13,66,3
SFJS1,ACSi,14,66,2
SFJS1,ACSi,15,66,2
SFJS1,ACSi,16,66,3
SFJS1,ACSi,17,66,2
SFJS1,ACSi,18,66,3
SFJS1,ACSi,19,66,3
SFJS1,ACSi,20,66,2
SFJS1,ACSi,21,66,2
SFJS1,ACSi,22,66,2
SFJS1,ACSi,23,66,3
SFJS1,ACSi,24,66,2
SFJS1,ACSi,25,66,2
SFJS1,ACSi,26,66,3
SFJS1,ACSi,27,66,2
SFJS1,ACSi,28,66,2
SFJS1,ACSi,29,66,2
SFJS1,ACSi,30,66,2
SFJS1,ACSp,1,66,19
SFJS1,ACSp,2,66,4
SFJS1,ACSp,3,66,3
SFJS1,ACSp,4,66,3
SFJS1,ACSp,5,66,3
SFJS1,ACSp,6,66,4
SFJS1,ACSp,7,66,3
SFJS1,ACSp,8,66,3
SFJS1,ACSp,9,66,3
SFJS1,ACSp,10,66,3
SFJS1,ACSp,11,66,3
SFJS1,ACSp,12,66,4
SFJS1,ACSp,13,66,3
SFJS1,ACSp,14,66,2
SFJS1,ACSp,15,66,3
SFJS1,ACSp,16,66,3
SFJS1,ACSp,17,66,3
SFJS1,ACSp,18,66,3
SFJS1,ACSp,19,66,3
SFJS1,ACSp,20,66,3
SFJS1,ACSp,21,66,3
SFJS1,ACSp,22,66,3
SFJS1,ACSp,23,66,3
SFJS1,ACSp,24,66,4
SFJS1,ACSp,25,66,3
SFJS1,ACSp,26,66,3
SFJS1,ACSp,27,66,4
SFJS1,ACSp,28,66,3
SFJS1,ACSp,29,66,3
SFJS1,ACSp,30,66,4
SFJS1,ECT,1,91,0
SFJS1,ECT,2,91,0
SFJS1,ECT,3,91,0
SFJS1,ECT,4,91,0
SFJS1,ECT,5,91,0
SFJS1,ECT,6,91,0
SFJS1,ECT,7,91,0
SFJS1,ECT,8,91,0
SFJS1,ECT,9,91,0
SFJS1,ECT,10,91,0
SFJS1,ECT,11,91,0
SFJS1,ECT,12,91,0
SFJS1,ECT,13,91,0
SFJS1,ECT,14,91,0
SFJS1,ECT,15,91,0
SFJS1,ECT,16,91,0
SFJS1,ECT,17,91,0
SFJS1,ECT,18,91,0
SFJS1,ECT,19,91,0
SFJS1,ECT,20,91,0
SFJS1,ECT,21,91,0
SFJS1,ECT,22,91,0
SFJS1,ECT,23,91,0
SFJS1,ECT,24,91,0
SFJS1,ECT,25,91,0
SFJS1,ECT,26,91,0
SFJS1,ECT,27,91,0
SFJS1,ECT,28,91,0
SFJS1,ECT,29,91,0
SFJS1,ECT,30,91,0
SFJS10,ACSi,1,533,30
SFJS10,ACSi,2,533,13
SFJS10,ACSi,3,578,9
SFJS10,ACSi,4,533,8
SFJS10,ACSi,5,533,8
SFJS10,ACSi,6,578,7
SFJS10,ACSi,7,533,18
SFJS10,ACSi,8,533,9
SFJS10,ACSi,9,533,13
SFJS10,ACSi,10,533,17
SFJS10,ACSi,11,533,13
SFJS10,ACSi,12,533,22
SFJS10,ACSi,13,533,15
SFJS10,ACSi,14,553,16
SFJS10,ACSi,15,538,13
SFJS10,ACSi,16,533,19
SFJS10,ACSi,17,533,12
SFJS10,ACSi,18,533,14
SFJS10,ACSi,19,555,24
SFJS10,ACSi,20,533,19
SFJS10,ACSi,21,553,13
SFJS10,ACSi,22,533,14
SFJS10,ACSi,23,533,14
SFJS10,ACSi,24,538,13
SFJS10,ACSi,25,533,17
SFJS10,ACSi,26,533,17
SFJS10,ACSi,27,533,12
SFJS10,ACSi,28,533,25
SFJS10,ACSi,29,533,26
SFJS10,ACSi,30,533,18
SFJS10,ACSp,1,533,29
SFJS10,ACSp,2,582,6
SFJS10,ACSp,3,533,14
SFJS10,ACSp,4,533,13
SFJS10,ACSp,5,533,8
SFJS10,ACSp,6,533,8
SFJS10,ACSp,7,555,7
SFJS10,ACSp,8,533,8
SFJS10,ACSp,9,582,7
SFJS10,ACSp,10,533,17
SFJS10,ACSp,11,533,8
SFJS10,ACSp,12,553,6
SFJS10,ACSp,13,605,8
SFJS10,ACSp,14,533,15
SFJS10,ACSp,15,582,12
SFJS10,ACSp,16,533,13
SFJS10,ACSp,17,538,22
SFJS10,ACSp,18,533,9
SFJS10,ACSp,19,533,7
SFJS10,ACSp,20,533,8
SFJS10,ACSp,21,533,15
SFJS10,ACSp,22,533,10
SFJS10,ACSp,23,582,7
SFJS10,ACSp,24,582,17
SFJS10,ACSp,25,533,22
SFJS10,ACSp,26,533,11
SFJS10,ACSp,27,533,14
SFJS10,ACSp,28,516,11
SFJS10,ACSp,29,533,9
SFJS10,ACSp,30,533,14
SFJS10,ECT,1,608,0
SFJS10,ECT,2,608,0
SFJS10,ECT,3,608,0
SFJS10,ECT,4,608,0
SFJS10,ECT,5,608,0
SFJS10,ECT,6,608,0
SFJS10,ECT,7,608,0
SFJS10,ECT,8,608,0
SFJS10,ECT,9,608,0
SFJS10,ECT,10,608,0
SFJS10,ECT,11,608,0
SFJS10,ECT,12,608,0
SFJS10,ECT,13,608,0
SFJS10,ECT,14,608,0
SFJS10,ECT,15,608,0
SFJS10,ECT,16,608,0
SFJS10,ECT,17,608,0
SFJS10,ECT,18,608,0
SFJS10,ECT,19,608,0
SFJS10,ECT,20,608,0
SFJS10,ECT,21,608,0
SFJS10,ECT,22,608,0
SFJS10,ECT,23,608,0
SFJS10,ECT,24,608,0
SFJS10,ECT,25,608,0
SFJS10,ECT,26,608,0
SFJS10,ECT,27,608,0
SFJS10,ECT,28,608,0
SFJS10,ECT,29,608,0
SFJS10,ECT,30,608,0
MFJS1,ACSi,1,526,29
MFJS1,ACSi,2,531,21
MFJS1,ACSi,3,575,13
MFJS1,ACSi,4,547,20
MFJS1,ACSi,5,551,15
MFJS1,ACSi,6,526,19
MFJS1,ACSi,7,538,19
MFJS1,ACSi,8,578,32
MFJS1,ACSi,9,553,22
MFJS1,ACSi,10,541,26
MFJS1,ACSi,11,507,16
MFJS1,ACSi,12,555,35
MFJS1,ACSi,13,495,25
MFJS1,ACSi,14,540,31
MFJS1,ACSi,15,541,25
MFJS1,ACSi,16,555,20
MFJS1,ACSi,17,541,35
MFJS1,ACSi,18,498,35
MFJS1,ACSi,19,495,17
MFJS1,ACSi,20,532,18
MFJS1,ACSi,21,525,31
MFJS1,ACSi,22,530,49
MFJS1,ACSi,23,551,30
MFJS1,ACSi,24,567,28
MFJS1,ACSi,25,502,24
MFJS1,ACSi,26,524,26
MFJS1,ACSi,27,555,51
MFJS1,ACSi,28,570,46
MFJS1,ACSi,29,560,33
MFJS1,ACSi,30,554,25
MFJS1,ACSp,1,555,30
MFJS1,ACSp,2,554,13
MFJS1,ACSp,3,565,16
MFJS1,ACSp,4,509,13
MFJS1,ACSp,5,520,10
MFJS1,ACSp,6,541,12
MFJS1,ACSp,7,500,14
MFJS1,ACSp,8,500,10
MFJS1,ACSp,9,605,6
MFJS1,ACSp,10,533,9
MFJS1,ACSp,11,541,20
MFJS1,ACSp,12,565,14
MFJS1,ACSp,13,530,16
MFJS1,ACSp,14,503,13
MFJS1,ACSp,15,553,13
MFJS1,ACSp,16,555,11
MFJS1,ACSp,17,500,18
MFJS1,ACSp,18,575,16
MFJS1,ACSp,19,541,13
MFJS1,ACSp,20,533,18
MFJS1,ACSp,21,565,13
MFJS1,ACSp,22,525,17
MFJS1,ACSp,23,553,11
MFJS1,ACSp,24,509,20
MFJS1,ACSp,25,514,13
MFJS1,ACSp,26,554,12
MFJS1,ACSp,27,509,19
MFJS1,ACSp,28,584,11
MFJS1,ACSp,29,565,16
MFJS1,ACSp,30,541,13
MFJS1,ECT,1,785,0
MFJS1,ECT,2,785,0
MFJS1,ECT,3,785,0
MFJS1,ECT,4,785,0
MFJS1,ECT,5,785,0
MFJS1,ECT,6,785,0
MFJS1,ECT,7,785,0
MFJS1,ECT,8,785,0
MFJS1,ECT,9,785,0
MFJS1,ECT,10,785,0
MFJS1,ECT,11,785,0
MFJS1,ECT,12,785,0
MFJS1,ECT,13,785,0
MFJS1,ECT,14,785,0
MFJS1,ECT,15,785,0
MFJS1,ECT,16,785,0
MFJS1,ECT,17,785,0
MFJS1,ECT,18,785,0
MFJS1,ECT,19,785,0
MFJS1,ECT,20,785,0
MFJS1,ECT,21,785,0
MFJS1,ECT,22,785,0
MFJS1,ECT,23,785,0
MFJS1,ECT,24,785,0
MFJS1,ECT,25,785,0
MFJS1,ECT,26,785,0
MFJS1,ECT,27,785,0
MFJS1,ECT,28,785,0
MFJS1,ECT,29,785,0
MFJS1,ECT,30,785,0
MFJS2,ACSi,1,508,59
MFJS2,ACSi,2,536,29
MFJS2,ACSi,3,540,18
MFJS2,ACSi,4,545,27
MFJS2,ACSi,5,518,24
MFJS2,ACSi,6,532,41
MFJS2,ACSi,7,576,15
MFJS2,ACSi,8,527,21
MFJS2,ACSi,9,527,51
MFJS2,ACSi,10,547,35
MFJS2,ACSi,11,536,22
MFJS2,ACSi,12,528,23
MFJS2,ACSi,13,547,75
MFJS2,ACSi,14,481,23
MFJS2,ACSi,15,523,31
MFJS2,ACSi,16,542,24
MFJS2,ACSi,17,538,22
MFJS2,ACSi,18,491,23
MFJS2,ACSi,19,536,29
MFJS2,ACSi,20,572,37
MFJS2,ACSi,21,517,21
MFJS2,ACSi,22,511,27
MFJS2,ACSi,23,524,51
MFJS2,ACSi,24,522,51
MFJS2,ACSi,25,527,21
MFJS2,ACSi,26,502,33
MFJS2,ACSi,27,536,34
MFJS2,ACSi,28,525,40
MFJS2,ACSi,29,493,35
MFJS2,ACSi,30,515,24
MFJS2,ACSp,1,540,37
MFJS2,ACSp,2,540,10
MFJS2,ACSp,3,554,10
MFJS2,ACSp,4,492,25
MFJS2,ACSp,5,533,24
MFJS2,ACSp,6,573,13
MFJS2,ACSp,7,541,9
MFJS2,ACSp,8,507,11
MFJS2,ACSp,9,548,19
MFJS2,ACSp,10,547,19
MFJS2,ACSp,11,508,26
MFJS2,ACSp,12,540,10
MFJS2,ACSp,13,536,29
MFJS2,ACSp,14,530,19
MFJS2,ACSp,15,510,24
MFJS2,ACSp,16,536,12
MFJS2,ACSp,17,495,12
MFJS2,ACSp,18,574,13
MFJS2,ACSp,19,545,13
MFJS2,ACSp,20,533,12
MFJS2,ACSp,21,550,18
MFJS2,ACSp,22,533,17
MFJS2,ACSp,23,530,20
MFJS2,ACSp,24,502,14
MFJS2,ACSp,25,500,15
MFJS2,ACSp,26,472,16
MFJS2,ACSp,27,539,19
MFJS2,ACSp,28,539,13
MFJS2,ACSp,29,528,13
MFJS2,ACSp,30,545,17
MFJS2,ECT,1,585,0
MFJS2,ECT,2,585,0
MFJS2,ECT,3,585,0
MFJS2,ECT,4,585,0
MFJS2,ECT,5,585,0
MFJS2,ECT,6,585,0
MFJS2,ECT,7,585,0
MFJS2,ECT,8,585,0
MFJS2,ECT,9,585,0
MFJS2,ECT,10,585,0
MFJS2,ECT,11,585,0
MFJS2,ECT,12,585,0
MFJS2,ECT,13,585,0
MFJS2,ECT,14,585,0
MFJS2,ECT,15,585,0
MFJS2,ECT,16,585,0
MFJS2,ECT,17,585,0
MFJS2,ECT,18,585,0
MFJS2,ECT,19,585,0
MFJS2,ECT,20,585,0
MFJS2,ECT,21,585,0
MFJS2,ECT,22,585,0
MFJS2,ECT,23,585,0
MFJS2,ECT,24,585,0
MFJS2,ECT,25,585,0
MFJS2,ECT,26,585,0
MFJS2,ECT,27,585,0
MFJS2,ECT,28,585,0
MFJS2,ECT,29,585,0
MFJS2,ECT,30,585,0
MFJS3,ACSi,1,603,62
MFJS3,ACSi,2,540,41
MFJS3,ACSi,3,592,29
MFJS3,ACSi,4,623,30
MFJS3,ACSi,5,615,36
MFJS3,ACSi,6,616,32
MFJS3,ACSi,7,574,42
MFJS3,ACSi,8,657,39
MFJS3,ACSi,9,560,26
MFJS3,ACSi,10,595,29
MFJS3,ACSi,11,559,36
MFJS3,ACSi,12,621,47
MFJS3,ACSi,13,651,36
MFJS3,ACSi,14,613,66
MFJS3,ACSi,15,663,33
MFJS3,ACSi,16,627,39
MFJS3,ACSi,17,598,36
MFJS3,ACSi,18,624,49
MFJS3,ACSi,19,598,67
MFJS3,ACSi,20,619,27
MFJS3,ACSi,21,580,34
MFJS3,ACSi,22,598,50
MFJS3,ACSi,23,618,35
MFJS3,ACSi,24,613,35
MFJS3,ACSi,25,572,42
MFJS3,ACSi,26,568,37
MFJS3,ACSi,27,652,26
MFJS3,ACSi,28,619,62
MFJS3,ACSi,29,628,30
MFJS3,ACSi,30,591,72
MFJS3,ACSp,1,644,32
MFJS3,ACSp,2,594,15
MFJS3,ACSp,3,599,12
MFJS3,ACSp,4,588,13
MFJS3,ACSp,5,656,16
MFJS3,ACSp,6,625,16
MFJS3,ACSp,7,623,23
MFJS3,ACSp,8,588,14
MFJS3,ACSp,9,632,15
MFJS3,ACSp,10,591,16
MFJS3,ACSp,11,674,17
MFJS3,ACSp,12,605,25
MFJS3,ACSp,13,638,20
MFJS3,ACSp,14,623,32
MFJS3,ACSp,15,657,13
MFJS3,ACSp,16,654,22
MFJS3,ACSp,17,633,26
MFJS3,ACSp,18,599,14
MFJS3,ACSp,19,623,13
MFJS3,ACSp,20,643,27
MFJS3,ACSp,21,536,17
MFJS3,ACSp,22,601,31
MFJS3,ACSp,23,612,13
MFJS3,ACSp,24,570,13
MFJS3,ACSp,25,642,13
MFJS3,ACSp,26,598,20
MFJS3,ACSp,27,621,21
MFJS3,ACSp,28,559,30
MFJS3,ACSp,29,591,25
MFJS3,ACSp,30,629,23
MFJS3,ECT,1,839,0
MFJS3,ECT,2,839,0
MFJS3,ECT,3,839,0
MFJS3,ECT,4,839,0
MFJS3,ECT,5,839,0
MFJS3,ECT,6,839,0
MFJS3,ECT,7,839,0
MFJS3,ECT,8,839,0
MFJS3,ECT,9,839,0
MFJS3,ECT,10,839,0
MFJS3,ECT,11,839,0
MFJS3,ECT,12,839,0
MFJS3,ECT,13,839,0
MFJS3,ECT,14,839,0
MFJS3,ECT,15,839,0
MFJS3,ECT,16,839,0
MFJS3,ECT,17,839,0
MFJS3,ECT,18,839,0
MFJS3,ECT,19,839,0
MFJS3,ECT,20,839,0
MFJS3,ECT,21,839,0
MFJS3,ECT,22,839,0
MFJS3,ECT,23,839,0
MFJS3,ECT,24,839,0
MFJS3,ECT,25,839,0
MFJS3,ECT,26,839,0
MFJS3,ECT,27,839,0
MFJS3,ECT,28,839,0
MFJS3,ECT,29,839,0
MFJS3,ECT,30,839,0
MFJS4,ACSi,1,817,41
MFJS4,ACSi,2,710,51
MFJS4,ACSi,3,760,24
MFJS4,ACSi,4,662,93
MFJS4,ACSi,5,767,36
MFJS4,ACSi,6,750,35
MFJS4,ACSi,7,824,40
MFJS4,ACSi,8,724,51
MFJS4,ACSi,9,669,70
MFJS4,ACSi,10,727,47
MFJS4,ACSi,11,733,40
MFJS4,ACSi,12,771,79
MFJS4,ACSi,13,741,73
MFJS4,ACSi,14,713,52
MFJS4,ACSi,15,764,49
MFJS4,ACSi,16,749,65
MFJS4,ACSi,17,721,65
MFJS4,ACSi,18,726,42
MFJS4,ACSi,19,655,64
MFJS4,ACSi,20,763,39
MFJS4,ACSi,21,704,17
MFJS4,ACSi,22,718,20
MFJS4,ACSi,23,696,32
MFJS4,ACSi,24,712,33
MFJS4,ACSi,25,750,27
MFJS4,ACSi,26,750,24
MFJS4,ACSi,27,719,18
MFJS4,ACSi,28,763,19
MFJS4,ACSi,29,771,18
MFJS4,ACSi,30,720,18
MFJS4,ACSp,1,737,40
MFJS4,ACSp,2,688,27
MFJS4,ACSp,3,735,13
MFJS4,ACSp,4,698,31
MFJS4,ACSp,5,662,31
MFJS4,ACSp,6,695,20
MFJS4,ACSp,7,771,19
MFJS4,ACSp,8,744,24
MFJS4,ACSp,9,687,15
MFJS4,ACSp,10,795,17
MFJS4,ACSp,11,698,29
MFJS4,ACSp,12,755,31
MFJS4,ACSp,13,744,31
MFJS4,ACSp,14,768,14
MFJS4,ACSp,15,794,14
MFJS4,ACSp,16,705,23
MFJS4,ACSp,17,755,24
MFJS4,ACSp,18,704,26
MFJS4,ACSp,19,757,18
MFJS4,ACSp,20,712,24
MFJS4,ACSp,21,722,28
MFJS4,ACSp,22,696,33
MFJS4,ACSp,23,677,14
MFJS4,ACSp,24,759,15
MFJS4,ACSp,25,794,15
MFJS4,ACSp,26,778,39
MFJS4,ACSp,27,698,16
MFJS4,ACSp,28,713,35
MFJS4,ACSp,29,630,26
MFJS4,ACSp,30,712,14
MFJS4,ECT,1,940,0
MFJS4,ECT,2,940,0
MFJS4,ECT,3,940,0
MFJS4,ECT,4,940,0
MFJS4,ECT,5,940,0
MFJS4,ECT,6,940,0
MFJS4,ECT,7,940,0
MFJS4,ECT,8,940,0
MFJS4,ECT,9,940,0
MFJS4,ECT,10,940,0
MFJS4,ECT,11,940,0
MFJS4,ECT,12,940,0
MFJS4,ECT,13,940,0
MFJS4,ECT,14,940,0
MFJS4,ECT,15,940,0
MFJS4,ECT,16,940,0
MFJS4,ECT,17,940,0
MFJS4,ECT,18,940,0
MFJS4,ECT,19,940,0
MFJS4,ECT,20,940,0
MFJS4,ECT,21,940,0
MFJS4,ECT,22,940,0
MFJS4,ECT,23,940,0
MFJS4,ECT,24,940,0
MFJS4,ECT,25,940,0
MFJS4,ECT,26,940,0
MFJS4,ECT,27,940,0
MFJS4,ECT,28,940,0
MFJS4,ECT,29,940,0
MFJS4,ECT,30,940,0
MFJS5,ACSi,1,730,49
MFJS5,ACSi,2,665,54
MFJS5,ACSi,3,643,64
MFJS5,ACSi,4,684,53
MFJS5,ACSi,5,680,71
MFJS5,ACSi,6,684,71
MFJS5,ACSi,7,694,63
MFJS5,ACSi,8,680,62
MFJS5,ACSi,9,687,42
MFJS5,ACSi,10,700,67
MFJS5,ACSi,11,731,62
MFJS5,ACSi,12,667,38
MFJS5,ACSi,13,712,58
MFJS5,ACSi,14,751,41
MFJS5,ACSi,15,701,73
MFJS5,ACSi,16,680,83
MFJS5,ACSi,17,729,58
MFJS5,ACSi,18,664,34
MFJS5,ACSi,19,715,57
MFJS5,ACSi,20,729,69
MFJS5,ACSi,21,818,19
MFJS5,ACSi,22,651,24
MFJS5,ACSi,23,678,28
MFJS5,ACSi,24,728,16
MFJS5,ACSi,25,612,28
MFJS5,ACSi,26,716,14
MFJS5,ACSi,27,680,24
MFJS5,ACSi,28,724,10
MFJS5,ACSi,29,699,18
MFJS5,ACSi,30,647,16
MFJS5,ACSp,1,628,32
MFJS5,ACSp,2,612,23
MFJS5,ACSp,3,699,33
MFJS5,ACSp,4,740,20
MFJS5,ACSp,5,741,15
MFJS5,ACSp,6,726,12
MFJS5,ACSp,7,737,25
MFJS5,ACSp,8,719,16
MFJS5,ACSp,9,697,16
MFJS5,ACSp,10,790,14
MFJS5,ACSp,11,762,24
MFJS5,ACSp,12,633,44
MFJS5,ACSp,13,718,30
MFJS5,ACSp,14,762,29
MFJS5,ACSp,15,663,21
MFJS5,ACSp,16,701,33
MFJS5,ACSp,17,612,30
MFJS5,ACSp,18,645,18
MFJS5,ACSp,19,736,30
MFJS5,ACSp,20,633,27
MFJS5,ACSp,21,703,33
MFJS5,ACSp,22,677,31
MFJS5,ACSp,23,734,24
MFJS5,ACSp,24,701,26
MFJS5,ACSp,25,681,20
MFJS5,ACSp,26,736,19
MFJS5,ACSp,27,708,20
MFJS5,ACSp,28,735,21
MFJS5,ACSp,29,726,20
MFJS5,ACSp,30,638,25
MFJS5,ECT,1,875,0
MFJS5,ECT,2,875,0
MFJS5,ECT,3,875,0
MFJS5,ECT,4,875,0
MFJS5,ECT,5,875,0
MFJS5,ECT,6,875,0
MFJS5,ECT,7,875,0
MFJS5,ECT,8,875,0
MFJS5,ECT,9,875,0
MFJS5,ECT,10,875,0
MFJS5,ECT,11,875,0
MFJS5,ECT,12,875,0
MFJS5,ECT,13,875,0
MFJS5,ECT,14,875,0
MFJS5,ECT,15,875,0
MFJS5,ECT,16,875,0
MFJS5,ECT,17,875,0
MFJS5,ECT,18,875,0
MFJS5,ECT,19,875,0
MFJS5,ECT,20,875,0
MFJS5,ECT,21,875,0
MFJS5,ECT,22,875,0
MFJS5,ECT,23,875,0
MFJS5,ECT,24,875,0
MFJS5,ECT,25,875,0
MFJS5,ECT,26,875,0
MFJS5,ECT,27,875,0
MFJS5,ECT,28,875,0
MFJS5,ECT,29,875,0
MFJS5,ECT,30,875,0
MFJS6,ACSi,1,959,43
MFJS6,ACSi,2,892,73
MFJS6,ACSi,3,1020,36
MFJS6,ACSi,4,949,38
MFJS6,ACSi,5,933,60
MFJS6,ACSi,6,905,66
MFJS6,ACSi,7,992,120
MFJS6,ACSi,8,877,46
MFJS6,ACSi,9,991,40
MFJS6,ACSi,10,791,44
MFJS6,ACSi,11,989,46
MFJS6,ACSi,12,968,41
MFJS6,ACSi,13,1038,38
MFJS6,ACSi,14,912,58
MFJS6,ACSi,15,936,71
MFJS6,ACSi,16,871,101
MFJS6,ACSi,17,1019,38
MFJS6,ACSi,18,895,66
MFJS6,ACSi,19,974,49
MFJS6,ACSi,20,903,58
MFJS6,ACSi,21,1046,27
MFJS6,ACSi,22,888,24
MFJS6,ACSi,23,981,14
MFJS6,ACSi,24,880,25
MFJS6,ACSi,25,903,21
MFJS6,ACSi,26,857,23
MFJS6,ACSi,27,846,15
MFJS6,ACSi,28,894,21
MFJS6,ACSi,29,977,28
MFJS6,ACSi,30,903,16
MFJS6,ACSp,1,1056,31
MFJS6,ACSp,2,909,34
MFJS6,ACSp,3,968,18
MFJS6,ACSp,4,944,29
MFJS6,ACSp,5,990,19
MFJS6,ACSp,6,965,16
MFJS6,ACSp,7,1039,15
MFJS6,ACSp,8,1016,24
MFJS6,ACSp,9,979,16
MFJS6,ACSp,10,846,21
MFJS6,ACSp,11,814,39
MFJS6,ACSp,12,894,22
MFJS6,ACSp,13,917,31
MFJS6,ACSp,14,999,19
MFJS6,ACSp,15,920,31
MFJS6,ACSp,16,930,20
MFJS6,ACSp,17,922,27
MFJS6,ACSp,18,929,31
MFJS6,ACSp,19,969,15
MFJS6,ACSp,20,987,19
MFJS6,ACSp,21,894,26
MFJS6,ACSp,22,927,27
MFJS6,ACSp,23,928,18
MFJS6,ACSp,24,922,22
MFJS6,ACSp,25,962,24
MFJS6,ACSp,26,864,26
MFJS6,ACSp,27,981,29
MFJS6,ACSp,28,930,40
MFJS6,ACSp,29,939,19
MFJS6,ACSp,30,955,18
MFJS6,ECT,1,1133,0
MFJS6,ECT,2,1133,0
MFJS6,ECT,3,1133,0
MFJS6,ECT,4,1133,0
MFJS6,ECT,5,1133,0
MFJS6,ECT,6,1133,0
MFJS6,ECT,7,1133,0
MFJS6,ECT,8,1133,0
MFJS6,ECT,9,1133,0
MFJS6,ECT,10,1133,0
MFJS6,ECT,11,1133,0
MFJS6,ECT,12,1133,0
MFJS6,ECT,13,1133,0
MFJS6,ECT,14,1133,0
MFJS6,ECT,15,1133,0
MFJS6,ECT,16,1133,0
MFJS6,ECT,17,1133,0
MFJS6,ECT,18,1133,0
MFJS6,ECT,19,1133,0
MFJS6,ECT,20,1133,0
MFJS6,ECT,21,1133,0
MFJS6,ECT,22,1133,0
MFJS6,ECT,23,1133,0
MFJS6,ECT,24,1133,0
MFJS6,ECT,25,1133,0
MFJS6,ECT,26,1133,0
MFJS6,ECT,27,1133,0
MFJS6,ECT,28,1133,0
MFJS6,ECT,29,1133,0
MFJS6,ECT,30,1133,0
MFJS7,ACSi,1,1485,72
MFJS7,ACSi,2,1242,70
MFJS7,ACSi,3,1247,47
MFJS7,ACSi,4,1419,106
MFJS7,ACSi,5,1458,49
MFJS7,ACSi,6,1436,81
MFJS7,ACSi,7,1271,65
MFJS7,ACSi,8,1373,85
MFJS7,ACSi,9,1362,56
MFJS7,ACSi,10,1285,60
MFJS7,ACSi,11,1240,68
MFJS7,ACSi,12,1317,65
MFJS7,ACSi,13,1415,75
MFJS7,ACSi,14,1360,88
MFJS7,ACSi,15,1379,54
MFJS7,ACSi,16,1352,105
MFJS7,ACSi,17,1324,74
MFJS7,ACSi,18,1417,47
MFJS7,ACSi,19,1419,35
MFJS7,ACSi,20,1332,22
MFJS7,ACSi,21,1298,49
MFJS7,ACSi,22,1426,35
MFJS7,ACSi,23,1452,29
MFJS7,ACSi,24,1191,58
MFJS7,ACSi,25,1378,32
MFJS7,ACSi,26,1428,23
MFJS7,ACSi,27,1227,29
MFJS7,ACSi,28,1409,20
MFJS7,ACSi,29,1394,29
MFJS7,ACSi,30,1401,20
MFJS7,ACSp,1,1243,38
MFJS7,ACSp,2,1404,16
MFJS7,ACSp,3,1266,17
MFJS7,ACSp,4,1354,17
MFJS7,ACSp,5,1330,33
MFJS7,ACSp,6,1421,15
MFJS7,ACSp,7,1366,30
MFJS7,ACSp,8,1360,30
MFJS7,ACSp,9,1409,26
MFJS7,ACSp,10,1369,26
MFJS7,ACSp,11,1252,33
MFJS7,ACSp,12,1179,24
MFJS7,ACSp,13,1441,36
MFJS7,ACSp,14,1343,37
MFJS7,ACSp,15,1331,24
MFJS7,ACSp,16,1335,30
MFJS7,ACSp,17,1332,36
MFJS7,ACSp,18,1301,30
MFJS7,ACSp,19,1545,20
MFJS7,ACSp,20,1404,26
MFJS7,ACSp,21,1351,20
MFJS7,ACSp,22,1373,23
MFJS7,ACSp,23,1301,45
MFJS7,ACSp,24,1394,44
MFJS7,ACSp,25,1452,17
MFJS7,ACSp,26,1397,33
MFJS7,ACSp,27,1390,25
MFJS7,ACSp,28,1393,30
MFJS7,ACSp,29,1308,34
MFJS7,ACSp,30,1392,18
MFJS7,ECT,1,1715,0
MFJS7,ECT,2,1715,0
MFJS7,ECT,3,1715,0
MFJS7,ECT,4,1715,0
MFJS7,ECT,5,1715,0
MFJS7,ECT,6,1715,0
MFJS7,ECT,7,1715,0
MFJS7,ECT,8,1715,0
MFJS7,ECT,9,1715,0
MFJS7,ECT,10,1715,0
MFJS7,ECT,11,1715,0
MFJS7,ECT,12,1715,0
MFJS7,ECT,13,1715,0
MFJS7,ECT,14,1715,0
MFJS7,ECT,15,1715,0
MFJS7,ECT,16,1715,0
MFJS7,ECT,17,1715,0
MFJS7,ECT,18,1715,0
MFJS7,ECT,19,1715,0
MFJS7,ECT,20,1715,0
MFJS7,ECT,21,1715,0
MFJS7,ECT,22,1715,0
MFJS7,ECT,23,1715,0
MFJS7,ECT,24,1715,0
MFJS7,ECT,25,1715,0
MFJS7,ECT,26,1715,0
MFJS7,ECT,27,1715,0
MFJS7,ECT,28,1715,0
MFJS7,ECT,29,1715,0
MFJS7,ECT,30,1715,0
MFJS8,ACSi,1,1458,62
MFJS8,ACSi,2,1433,46
MFJS8,ACSi,3,1411,65
MFJS8,ACSi,4,1415,99
MFJS8,ACSi,5,1359,74
MFJS8,ACSi,6,1323,112
MFJS8,ACSi,7,1282,108
MFJS8,ACSi,8,1431,153
MFJS8,ACSi,9,1601,85
MFJS8,ACSi,10,1300,78
MFJS8,ACSi,11,1470,94
MFJS8,ACSi,12,1460,73
MFJS8,ACSi,13,1236,100
MFJS8,ACSi,14,1471,79
MFJS8,ACSi,15,1443,44
MFJS8,ACSi,16,1339,73
MFJS8,ACSi,17,1406,31
MFJS8,ACSi,18,1452,33
MFJS8,ACSi,19,1429,45
MFJS8,ACSi,20,1377,33
MFJS8,ACSi,21,1463,28
MFJS8,ACSi,22,1410,45
MFJS8,ACSi,23,1445,23
MFJS8,ACSi,24,1393,21
MFJS8,ACSi,25,1415,22
MFJS8,ACSi,26,1309,29
MFJS8,ACSi,27,1438,36
MFJS8,ACSi,28,1258,71
MFJS8,ACSi,29,1350,29
MFJS8,ACSi,30,1402,54
MFJS8,ACSp,1,1341,50
MFJS8,ACSp,2,1487,33
MFJS8,ACSp,3,1385,31
MFJS8,ACSp,4,1317,40
MFJS8,ACSp,5,1324,50
MFJS8,ACSp,6,1290,31
MFJS8,ACSp,7,1186,27
MFJS8,ACSp,8,1516,36
MFJS8,ACSp,9,1379,29
MFJS8,ACSp,10,1486,27
MFJS8,ACSp,11,1423,35
MFJS8,ACSp,12,1325,39
MFJS8,ACSp,13,1468,20
MFJS8,ACSp,14,1345,23
MFJS8,ACSp,15,1366,24
MFJS8,ACSp,16,1339,31
MFJS8,ACSp,17,1384,38
MFJS8,ACSp,18,1440,51
MFJS8,ACSp,19,1336,32
MFJS8,ACSp,20,1364,52
MFJS8,ACSp,21,1303,26
MFJS8,ACSp,22,1321,20
MFJS8,ACSp,23,1425,22
MFJS8,ACSp,24,1559,31
MFJS8,ACSp,25,1343,32
MFJS8,ACSp,26,1274,46
MFJS8,ACSp,27,1271,45
MFJS8,ACSp,28,1487,28
MFJS8,ACSp,29,1429,21
MFJS8,ACSp,30,1579,24
MFJS8,ECT,1,1441,0
MFJS8,ECT,2,1441,0
MFJS8,ECT,3,1441,0
MFJS8,ECT,4,1441,0
MFJS8,ECT,5,1441,0
MFJS8,ECT,6,1441,0
MFJS8,ECT,7,1441,0
MFJS8,ECT,8,1441,0
MFJS8,ECT,9,1441,0
MFJS8,ECT,10,1441,0
MFJS8,ECT,11,1441,0
MFJS8,ECT,12,1441,0
MFJS8,ECT,13,1441,0
MFJS8,ECT,14,1441,0
MFJS8,ECT,15,1441,0
MFJS8,ECT,16,1441,0
MFJS8,ECT,17,1441,0
MFJS8,ECT,18,1441,0
MFJS8,ECT,19,1441,0
MFJS8,ECT,20,1441,0
MFJS8,ECT,21,1441,0
MFJS8,ECT,22,1441,0
MFJS8,ECT,23,1441,0
MFJS8,ECT,24,1441,0
MFJS8,ECT,25,1441,0
MFJS8,ECT,26,1441,0
MFJS8,ECT,27,1441,0
MFJS8,ECT,28,1441,0
MFJS8,ECT,29,1441,0
MFJS8,ECT,30,1441,0
MFJS9,ACSi,1,1794,170
MFJS9,ACSi,2,1893,111
MFJS9,ACSi,3,1760,143
MFJS9,ACSi,4,1787,127
MFJS9,ACSi,5,1721,182
MFJS9,ACSi,6,1705,126
MFJS9,ACSi,7,1635,106
MFJS9,ACSi,8,1634,91
MFJS9,ACSi,9,1834,193
MFJS9,ACSi,10,1890,55
MFJS9,ACSi,11,1775,46
MFJS9,ACSi,12,1637,38
MFJS9,ACSi,13,1724,67
MFJS9,ACSi,14,1789,36
MFJS9,ACSi,15,1635,47
MFJS9,ACSi,16,1917,34
MFJS9,ACSi,17,1659,79
MFJS9,ACSi,18,1837,47
MFJS9,ACSi,19,1872,28
MFJS9,ACSi,20,1845,46
MFJS9,ACSi,21,1805,39
MFJS9,ACSi,22,1793,36
MFJS9,ACSi,23,1697,30
MFJS9,ACSi,24,1856,33
MFJS9,ACSi,25,1730,44
MFJS9,ACSi,26,1822,30
MFJS9,ACSi,27,1718,54
MFJS9,ACSi,28,1712,36
MFJS9,ACSi,29,1847,34
MFJS9,ACSi,30,1769,29
MFJS9,ACSp,1,1726,45
MFJS9,ACSp,2,1494,26
MFJS9,ACSp,3,1847,35
MFJS9,ACSp,4,1816,61
MFJS9,ACSp,5,1818,41
MFJS9,ACSp,6,1691,58
MFJS9,ACSp,7,1638,66
MFJS9,ACSp,8,1682,60
MFJS9,ACSp,9,1730,33
MFJS9,ACSp,10,1666,39
MFJS9,ACSp,11,1947,32
MFJS9,ACSp,12,1634,50
MFJS9,ACSp,13,1723,93
MFJS9,ACSp,14,1709,30
MFJS9,ACSp,15,1830,50
MFJS9,ACSp,16,1868,34
MFJS9,ACSp,17,1917,29
MFJS9,ACSp,18,1725,43
MFJS9,ACSp,19,1701,48
MFJS9,ACSp,20,1701,84
MFJS9,ACSp,21,1650,45
MFJS9,ACSp,22,1768,32
MFJS9,ACSp,23,1818,30
MFJS9,ACSp,24,1630,68
MFJS9,ACSp,25,1779,38
MFJS9,ACSp,26,1602,28
MFJS9,ACSp,27,1791,41
MFJS9,ACSp,28,1684,55
MFJS9,ACSp,29,1718,28
MFJS9,ACSp,30,1820,27
MFJS9,ECT,1,1944,0
MFJS9,ECT,2,1944,0
MFJS9,ECT,3,1944,0
MFJS9,ECT,4,1944,0
MFJS9,ECT,5,1944,0
MFJS9,ECT,6,1944,0
MFJS9,ECT,7,1944,0
MFJS9,ECT,8,1944,0
MFJS9,ECT,9,1944,0
MFJS9,ECT,10,1944,0
MFJS9,ECT,11,1944,0
MFJS9,ECT,12,1944,0
MFJS9,ECT,13,1944,0
MFJS9,ECT,14,1944,0
MFJS9,ECT,15,1944,0
MFJS9,ECT,16,1944,0
MFJS9,ECT,17,1944,0
MFJS9,ECT,18,1944,0
MFJS9,ECT,19,1944,0
MFJS9,ECT,20,1944,0
MFJS9,ECT,21,1944,0
MFJS9,ECT,22,1944,0
MFJS9,ECT,23,1944,0
MFJS9,ECT,24,1944,0
MFJS9,ECT,25,1944,0
MFJS9,ECT,26,1944,0
MFJS9,ECT,27,1944,0
MFJS9,ECT,28,1944,0
MFJS9,ECT,29,1944,0
MFJS9,ECT,30,1944,0
SFJS2,ACSi,1,107,12
SFJS2,ACSi,2,107,3
SFJS2,ACSi,3,107,3
SFJS2,ACSi,4,107,3
SFJS2,ACSi,5,107,3
SFJS2,ACSi,6,107,3
SFJS2,ACSi,7,107,4
SFJS2,ACSi,8,107,2
SFJS2,ACSi,9,107,5
SFJS2,ACSi,10,107,3
SFJS2,ACSi,11,107,2
SFJS2,ACSi,12,107,3
SFJS2,ACSi,13,107,3
SFJS2,ACSi,14,107,4
SFJS2,ACSi,15,107,3
SFJS2,ACSi,16,107,3
SFJS2,ACSi,17,107,3
SFJS2,ACSi,18,107,3
SFJS2,ACSi,19,107,3
SFJS2,ACSi,20,107,2
SFJS2,ACSi,21,107,3
SFJS2,ACSi,22,107,2
SFJS2,ACSi,23,107,2
SFJS2,ACSi,24,107,2
SFJS2,ACSi,25,107,3
SFJS2,ACSi,26,107,2
SFJS2,ACSi,27,107,2
SFJS2,ACSi,28,107,3
SFJS2,ACSi,29,107,2
SFJS2,ACSi,30,107,2
SFJS2,ACSp,1,107,18
SFJS2,ACSp,2,107,3
SFJS2,ACSp,3,107,3
SFJS2,ACSp,4,107,3
SFJS2,ACSp,5,107,3
SFJS2,ACSp,6,107,3
SFJS2,ACSp,7,107,5
SFJS2,ACSp,8,107,2
SFJS2,ACSp,9,107,2
SFJS2,ACSp,10,107,3
SFJS2,ACSp,11,107,3
SFJS2,ACSp,12,107,2
SFJS2,ACSp,13,107,4
SFJS2,ACSp,14,107,2
SFJS2,ACSp,15,107,2
SFJS2,ACSp,16,107,3
SFJS2,ACSp,17,107,3
SFJS2,ACSp,18,107,2
SFJS2,ACSp,19,107,2
SFJS2,ACSp,20,107,4
SFJS2,ACSp,21,107,3
SFJS2,ACSp,22,107,3
SFJS2,ACSp,23,107,3
SFJS2,ACSp,24,107,3
SFJS2,ACSp,25,107,2
SFJS2,ACSp,26,107,4
SFJS2,ACSp,27,107,2
SFJS2,ACSp,28,107,2
SFJS2,ACSp,29,107,2
SFJS2,ACSp,30,107,2
SFJS2,ECT,1,128,0
SFJS2,ECT,2,128,0
SFJS2,ECT,3,128,0
SFJS2,ECT,4,128,0
SFJS2,ECT,5,128,0
SFJS2,ECT,6,128,0
SFJS2,ECT,7,128,0
SFJS2,ECT,8,128,0
SFJS2,ECT,9,128,0
SFJS2,ECT,10,128,0
SFJS2,ECT,11,128,0
SFJS2,ECT,12,128,0
SFJS2,ECT,13,128,0
SFJS2,ECT,14,128,0
SFJS2,ECT,15,128,0
SFJS2,ECT,16,128,0
SFJS2,ECT,17,128,0
SFJS2,ECT,18,128,0
SFJS2,ECT,19,128,0
SFJS2,ECT,20,128,0
SFJS2,ECT,21,128,0
SFJS2,ECT,22,128,0
SFJS2,ECT,23,128,0
SFJS2,ECT,24,128,0
SFJS2,ECT,25,128,0
SFJS2,ECT,26,128,0
SFJS2,ECT,27,128,0
SFJS2,ECT,28,128,0
SFJS2,ECT,29,128,0
SFJS2,ECT,30,128,0
MFJS10,ACSi,1,1982,89
MFJS10,ACSi,2,1990,193
MFJS10,ACSi,3,2103,133
MFJS10,ACSi,4,1886,194
MFJS10,ACSi,5,1895,220
MFJS10,ACSi,6,2002,165
MFJS10,ACSi,7,1997,195
MFJS10,ACSi,8,1914,101
MFJS10,ACSi,9,2018,46
MFJS10,ACSi,10,1771,63
MFJS10,ACSi,11,1878,64
MFJS10,ACSi,12,1852,37
MFJS10,ACSi,13,2048,44
MFJS10,ACSi,14,1910,65
MFJS10,ACSi,15,2001,45
MFJS10,ACSi,16,1894,72
MFJS10,ACSi,17,2053,66
MFJS10,ACSi,18,2099,42
MFJS10,ACSi,19,2031,53
MFJS10,ACSi,20,1886,51
MFJS10,ACSi,21,2129,45
MFJS10,ACSi,22,1735,56
MFJS10,ACSi,23,1900,109
MFJS10,ACSi,24,2125,31
MFJS10,ACSi,25,1993,34
MFJS10,ACSi,26,2262,34
MFJS10,ACSi,27,2004,39
MFJS10,ACSi,28,1766,102
MFJS10,ACSi,29,2101,36
MFJS10,ACSi,30,2177,32
MFJS10,ACSp,1,1944,42
MFJS10,ACSp,2,2109,29
MFJS10,ACSp,3,1901,59
MFJS10,ACSp,4,2086,28
MFJS10,ACSp,5,2039,39
MFJS10,ACSp,6,1998,61
MFJS10,ACSp,7,1754,36
MFJS10,ACSp,8,1933,36
MFJS10,ACSp,9,1908,59
MFJS10,ACSp,10,2168,42
MFJS10,ACSp,11,2186,43
MFJS10,ACSp,12,1972,55
MFJS10,ACSp,13,2064,49
MFJS10,ACSp,14,1836,70
MFJS10,ACSp,15,2009,49
MFJS10,ACSp,16,1937,57
MFJS10,ACSp,17,2104,43
MFJS10,ACSp,18,2085,38
MFJS10,ACSp,19,1958,37
MFJS10,ACSp,20,1972,39
MFJS10,ACSp,21,1866,65
MFJS10,ACSp,22,2066,37
MFJS10,ACSp,23,2021,41
MFJS10,ACSp,24,1892,31
MFJS10,ACSp,25,1859,47
MFJS10,ACSp,26,1919,58
MFJS10,ACSp,27,2075,32
MFJS10,ACSp,28,1988,46
MFJS10,ACSp,29,2013,38
MFJS10,ACSp,30,1998,28
MFJS10,ECT,1,1944,0
MFJS10,ECT,2,1944,0
MFJS10,ECT,3,1944,0
MFJS10,ECT,4,1944,0
MFJS10,ECT,5,1944,0
MFJS10,ECT,6,1944,0
MFJS10,ECT,7,1944,0
MFJS10,ECT,8,1944,0
MFJS10,ECT,9,1944,0
MFJS10,ECT,10,1944,0
MFJS10,ECT,11,1944,0
MFJS10,ECT,12,1944,0
MFJS10,ECT,13,1944,0
MFJS10,ECT,14,1944,0
MFJS10,ECT,15,1944,0
MFJS10,ECT,16,1944,0
MFJS10,ECT,17,1944,0
MFJS10,ECT,18,1944,0
MFJS10,ECT,19,1944,0
MFJS10,ECT,20,1944,0
MFJS10,ECT,21,1944,0
MFJS10,ECT,22,1944,0
MFJS10,ECT,23,1944,0
MFJS10,ECT,24,1944,0
MFJS10,ECT,25,1944,0
MFJS10,ECT,26,1944,0
MFJS10,ECT,27,1944,0
MFJS10,ECT,28,1944,0
MFJS10,ECT,29,1944,0
MFJS10,ECT,30,1944,0
SFJS3,ACSi,1,221,15
SFJS3,ACSi,2,221,6
SFJS3,ACSi,3,221,6
SFJS3,ACSi,4,221,6
SFJS3,ACSi,5,221,6
SFJS3,ACSi,6,221,6
SFJS3,ACSi,7,221,5
SFJS3,ACSi,8,221,5
SFJS3,ACSi,9,221,4
SFJS3,ACSi,10,221,7
SFJS3,ACSi,11,221,4
SFJS3,ACSi,12,221,4
SFJS3,ACSi,13,221,5
SFJS3,ACSi,14,221,5
SFJS3,ACSi,15,221,4
SFJS3,ACSi,16,221,4
SFJS3,ACSi,17,221,4
SFJS3,ACSi,18,221,4
SFJS3,ACSi,19,221,6
SFJS3,ACSi,20,221,5
SFJS3,ACSi,21,221,6
SFJS3,ACSi,22,221,4
SFJS3,ACSi,23,221,5
SFJS3,ACSi,24,221,4
SFJS3,ACSi,25,221,5
SFJS3,ACSi,26,221,4
SFJS3,ACSi,27,221,4
SFJS3,ACSi,28,221,4
SFJS3,ACSi,29,221,5
SFJS3,ACSi,30,221,4
SFJS3,ACSp,1,221,19
SFJS3,ACSp,2,221,4
SFJS3,ACSp,3,221,4
SFJS3,ACSp,4,221,4
SFJS3,ACSp,5,221,6
SFJS3,ACSp,6,221,3
SFJS3,ACSp,7,221,5
SFJS3,ACSp,8,221,5
SFJS3,ACSp,9,221,4
SFJS3,ACSp,10,221,4
SFJS3,ACSp,11,221,3
SFJS3,ACSp,12,221,4
SFJS3,ACSp,13,221,4
SFJS3,ACSp,14,221,3
SFJS3,ACSp,15,221,3
SFJS3,ACSp,16,221,4
SFJS3,ACSp,17,221,3
SFJS3,ACSp,18,221,3
SFJS3,ACSp,19,221,5
SFJS3,ACSp,20,221,4
SFJS3,ACSp,21,221,3
SFJS3,ACSp,22,221,4
SFJS3,ACSp,23,221,4
SFJS3,ACSp,24,221,6
SFJS3,ACSp,25,221,4
SFJS3,ACSp,26,221,3
SFJS3,ACSp,27,221,4
SFJS3,ACSp,28,221,5
SFJS3,ACSp,29,221,3
SFJS3,ACSp,30,221,4
SFJS3,ECT,1,316,0
SFJS3,ECT,2,316,0
SFJS3,ECT,3,316,0
SFJS3,ECT,4,316,0
SFJS3,ECT,5,316,0
SFJS3,ECT,6,316,0
SFJS3,ECT,7,316,0
SFJS3,ECT,8,316,0
SFJS3,ECT,9,316,0
SFJS3,ECT,10,316,0
SFJS3,ECT,11,316,0
SFJS3,ECT,12,316,0
SFJS3,ECT,13,316,0
SFJS3,ECT,14,316,0
SFJS3,ECT,15,316,0
SFJS3,ECT,16,316,0
SFJS3,ECT,17,316,0
SFJS3,ECT,18,316,0
SFJS3,ECT,19,316,0
SFJS3,ECT,20,316,0
SFJS3,ECT,21,316,0
SFJS3,ECT,22,316,0
SFJS3,ECT,23,316,0
SFJS3,ECT,24,316,0
SFJS3,ECT,25,316,0
SFJS3,ECT,26,316,0
SFJS3,ECT,27,316,0
SFJS3,ECT,28,316,0
SFJS3,ECT,29,316,0
SFJS3,ECT,30,316,0
SFJS4,ACSi,1,355,14
SFJS4,ACSi,2,355,4
SFJS4,ACSi,3,355,5
SFJS4,ACSi,4,367,5
SFJS4,ACSi,5,355,5
SFJS4,ACSi,6,367,4
SFJS4,ACSi,7,367,4
SFJS4,ACSi,8,355,6
SFJS4,ACSi,9,355,7
SFJS4,ACSi,10,355,6
SFJS4,ACSi,11,355,5
SFJS4,ACSi,12,355,5
SFJS4,ACSi,13,355,4
SFJS4,ACSi,14,396,4
SFJS4,ACSi,15,355,4
SFJS4,ACSi,16,367,4
SFJS4,ACSi,17,396,3
SFJS4,ACSi,18,355,5
SFJS4,ACSi,19,367,3
SFJS4,ACSi,20,367,5
SFJS4,ACSi,21,355,4
SFJS4,ACSi,22,355,4
SFJS4,ACSi,23,355,3
SFJS4,ACSi,24,355,4
SFJS4,ACSi,25,367,3
SFJS4,ACSi,26,355,3
SFJS4,ACSi,27,355,5
SFJS4,ACSi,28,355,5
SFJS4,ACSi,29,355,4
SFJS4,ACSi,30,355,5
SFJS4,ACSp,1,355,19
SFJS4,ACSp,2,355,3
SFJS4,ACSp,3,355,5
SFJS4,ACSp,4,355,6
SFJS4,ACSp,5,355,3
SFJS4,ACSp,6,355,4
SFJS4,ACSp,7,355,4
SFJS4,ACSp,8,367,4
SFJS4,ACSp,9,367,3
SFJS4,ACSp,10,355,3
SFJS4,ACSp,11,355,3
SFJS4,ACSp,12,355,4
SFJS4,ACSp,13,355,4
SFJS4,ACSp,14,355,3
SFJS4,ACSp,15,355,4
SFJS4,ACSp,16,396,5
SFJS4,ACSp,17,355,4
SFJS4,ACSp,18,355,5
SFJS4,ACSp,19,355,4
SFJS4,ACSp,20,355,4
SFJS4,ACSp,21,367,4
SFJS4,ACSp,22,367,4
SFJS4,ACSp,23,367,4
SFJS4,ACSp,24,367,6
SFJS4,ACSp,25,355,5
SFJS4,ACSp,26,355,3
SFJS4,ACSp,27,355,5
SFJS4,ACSp,28,355,5
SFJS4,ACSp,29,355,8
SFJS4,ACSp,30,355,6
SFJS4,ECT,1,421,0
SFJS4,ECT,2,421,0
SFJS4,ECT,3,421,0
SFJS4,ECT,4,421,0
SFJS4,ECT,5,421,0
SFJS4,ECT,6,421,0
SFJS4,ECT,7,421,0
SFJS4,ECT,8,421,0
SFJS4,ECT,9,421,0
SFJS4,ECT,10,421,0
SFJS4,ECT,11,421,0
SFJS4,ECT,12,421,0
SFJS4,ECT,13,421,0
SFJS4,ECT,14,421,0
SFJS4,ECT,15,421,0
SFJS4,ECT,16,421,0
SFJS4,ECT,17,421,0
SFJS4,ECT,18,421,0
SFJS4,ECT,19,421,0
SFJS4,ECT,20,421,0
SFJS4,ECT,21,421,0
SFJS4,ECT,22,421,0
SFJS4,ECT,23,421,0
SFJS4,ECT,24,421,0
SFJS4,ECT,25,421,0
SFJS4,ECT,26,421,0
SFJS4,ECT,27,421,0
SFJS4,ECT,28,421,0
SFJS4,ECT,29,421,0
SFJS4,ECT,30,421,0
SFJS5,ACSi,1,119,14
SFJS5,ACSi,2,119,7
SFJS5,ACSi,3,119,16
SFJS5,ACSi,4,119,14
SFJS5,ACSi,5,119,6
SFJS5,ACSi,6,119,6
SFJS5,ACSi,7,119,9
SFJS5,ACSi,8,119,6
SFJS5,ACSi,9,119,9
SFJS5,ACSi,10,119,7
SFJS5,ACSi,11,119,7
SFJS5,ACSi,12,119,5
SFJS5,ACSi,13,119,8
SFJS5,ACSi,14,119,4
SFJS5,ACSi,15,119,5
SFJS5,ACSi,16,119,4
SFJS5,ACSi,17,119,5
SFJS5,ACSi,18,119,6
SFJS5,ACSi,19,119,9
SFJS5,ACSi,20,119,8
SFJS5,ACSi,21,119,12
SFJS5,ACSi,22,119,8
SFJS5,ACSi,23,119,5
SFJS5,ACSi,24,119,3
SFJS5,ACSi,25,119,5
SFJS5,ACSi,26,119,5
SFJS5,ACSi,27,119,6
SFJS5,ACSi,28,119,7
SFJS5,ACSi,29,119,10
SFJS5,ACSi,30,119,6
SFJS5,ACSp,1,119,19
SFJS5,ACSp,2,119,4
SFJS5,ACSp,3,119,5
SFJS5,ACSp,4,119,6
SFJS5,ACSp,5,128,4
SFJS5,ACSp,6,119,4
SFJS5,ACSp,7,119,5
SFJS5,ACSp,8,119,5
SFJS5,ACSp,9,119,4
SFJS5,ACSp,10,119,4
SFJS5,ACSp,11,119,6
SFJS5,ACSp,12,119,4
SFJS5,ACSp,13,119,4
SFJS5,ACSp,14,119,4
SFJS5,ACSp,15,119,7
SFJS5,ACSp,16,119,5
SFJS5,ACSp,17,119,4
SFJS5,ACSp,18,119,4
SFJS5,ACSp,19,119,4
SFJS5,ACSp,20,119,3
SFJS5,ACSp,21,119,4
SFJS5,ACSp,22,119,5
SFJS5,ACSp,23,119,4
SFJS5,ACSp,24,119,4
SFJS5,ACSp,25,119,7
SFJS5,ACSp,26,119,4
SFJS5,ACSp,27,119,5
SFJS5,ACSp,28,119,4
SFJS5,ACSp,29,119,4
SFJS5,ACSp,30,119,4
SFJS5,ECT,1,147,0
SFJS5,ECT,2,147,0
SFJS5,ECT,3,147,0
SFJS5,ECT,4,147,0
SFJS5,ECT,5,147,0
SFJS5,ECT,6,147,0
SFJS5,ECT,7,147,0
SFJS5,ECT,8,147,0
SFJS5,ECT,9,147,0
SFJS5,ECT,10,147,0
SFJS5,ECT,11,147,0
SFJS5,ECT,12,147,0
SFJS5,ECT,13,147,0
SFJS5,ECT,14,147,0
SFJS5,ECT,15,147,0
SFJS5,ECT,16,147,0
SFJS5,ECT,17,147,0
SFJS5,ECT,18,147,0
SFJS5,ECT,19,147,0
SFJS5,ECT,20,147,0
SFJS5,ECT,21,147,0
SFJS5,ECT,22,147,0
SFJS5,ECT,23,147,0
SFJS5,ECT,24,147,0
SFJS5,ECT,25,147,0
SFJS5,ECT,26,147,0
SFJS5,ECT,27,147,0
SFJS5,ECT,28,147,0
SFJS5,ECT,29,147,0
SFJS5,ECT,30,147,0
SFJS6,ACSi,1,320,25
SFJS6,ACSi,2,320,11
SFJS6,ACSi,3,320,9
SFJS6,ACSi,4,320,9
SFJS6,ACSi,5,320,8
SFJS6,ACSi,6,330,7
SFJS6,ACSi,7,320,9
SFJS6,ACSi,8,320,9
SFJS6,ACSi,9,320,7
SFJS6,ACSi,10,320,6
SFJS6,ACSi,11,320,7
SFJS6,ACSi,12,320,9
SFJS6,ACSi,13,320,10
SFJS6,ACSi,14,320,10
SFJS6,ACSi,15,320,6
SFJS6,ACSi,16,320,9
SFJS6,ACSi,17,320,9
SFJS6,ACSi,18,320,7
SFJS6,ACSi,19,320,7
SFJS6,ACSi,20,320,7
SFJS6,ACSi,21,320,8
SFJS6,ACSi,22,320,8
SFJS6,ACSi,23,320,8
SFJS6,ACSi,24,320,8
SFJS6,ACSi,25,320,10
SFJS6,ACSi,26,320,8
SFJS6,ACSi,27,320,10
SFJS6,ACSi,28,320,7
SFJS6,ACSi,29,320,9
SFJS6,ACSi,30,320,12
SFJS6,ACSp,1,320,21
SFJS6,ACSp,2,320,6
SFJS6,ACSp,3,320,9
SFJS6,ACSp,4,320,8
SFJS6,ACSp,5,320,5
SFJS6,ACSp,6,320,4
SFJS6,ACSp,7,320,6
SFJS6,ACSp,8,330,5
SFJS6,ACSp,9,320,6
SFJS6,ACSp,10,320,6
SFJS6,ACSp,11,320,5
SFJS6,ACSp,12,320,5
SFJS6,ACSp,13,320,5
SFJS6,ACSp,14,320,6
SFJS6,ACSp,15,320,5
SFJS6,ACSp,16,320,5
SFJS6,ACSp,17,320,9
SFJS6,ACSp,18,320,6
SFJS6,ACSp,19,320,6
SFJS6,ACSp,20,320,7
SFJS6,ACSp,21,320,5
SFJS6,ACSp,22,320,5
SFJS6,ACSp,23,320,8
SFJS6,ACSp,24,330,8
SFJS6,ACSp,25,320,5
SFJS6,ACSp,26,320,5
SFJS6,ACSp,27,320,5
SFJS6,ACSp,28,320,6
SFJS6,ACSp,29,320,4
SFJS6,ACSp,30,320,6
SFJS6,ECT,1,490,0
SFJS6,ECT,2,490,0
SFJS6,ECT,3,490,0
SFJS6,ECT,4,490,0
SFJS6,ECT,5,490,0
SFJS6,ECT,6,490,0
SFJS6,ECT,7,490,0
SFJS6,ECT,8,490,0
SFJS6,ECT,9,490,0
SFJS6,ECT,10,490,0
SFJS6,ECT,11,490,0
SFJS6,ECT,12,490,0
SFJS6,ECT,13,490,0
SFJS6,ECT,14,490,0
SFJS6,ECT,15,490,0
SFJS6,ECT,16,490,0
SFJS6,ECT,17,490,0
SFJS6,ECT,18,490,0
SFJS6,ECT,19,490,0
SFJS6,ECT,20,490,0
SFJS6,ECT,21,490,0
SFJS6,ECT,22,490,0
SFJS6,ECT,23,490,0
SFJS6,ECT,24,490,0
SFJS6,ECT,25,490,0
SFJS6,ECT,26,490,0
SFJS6,ECT,27,490,0
SFJS6,ECT,28,490,0
SFJS6,ECT,29,490,0
SFJS6,ECT,30,490,0
SFJS7,ACSi,1,397,19
SFJS7,ACSi,2,397,13
SFJS7,ACSi,3,397,7
SFJS7,ACSi,4,397,8
SFJS7,ACSi,5,397,9
SFJS7,ACSi,6,397,7
SFJS7,ACSi,7,405,7
SFJS7,ACSi,8,397,9
SFJS7,ACSi,9,397,8
SFJS7,ACSi,10,397,10
SFJS7,ACSi,11,397,7
SFJS7,ACSi,12,407,6
SFJS7,ACSi,13,397,7
SFJS7,ACSi,14,397,7
SFJS7,ACSi,15,397,6
SFJS7,ACSi,16,397,12
SFJS7,ACSi,17,405,8
SFJS7,ACSi,18,397,6
SFJS7,ACSi,19,397,8
SFJS7,ACSi,20,397,6
SFJS7,ACSi,21,397,5
SFJS7,ACSi,22,405,7
SFJS7,ACSi,23,397,6
SFJS7,ACSi,24,397,8
SFJS7,ACSi,25,397,6
SFJS7,ACSi,26,397,5
SFJS7,ACSi,27,397,6
SFJS7,ACSi,28,397,7
SFJS7,ACSi,29,405,7
SFJS7,ACSi,30,397,8
SFJS7,ACSp,1,397,21
SFJS7,ACSp,2,397,5
SFJS7,ACSp,3,397,7
SFJS7,ACSp,4,397,8
SFJS7,ACSp,5,397,5
SFJS7,ACSp,6,397,6
SFJS7,ACSp,7,397,8
SFJS7,ACSp,8,397,5
SFJS7,ACSp,9,397,7
SFJS7,ACSp,10,397,5
SFJS7,ACSp,11,397,8
SFJS7,ACSp,12,397,5
SFJS7,ACSp,13,397,5
SFJS7,ACSp,14,397,6
SFJS7,ACSp,15,405,5
SFJS7,ACSp,16,397,5
SFJS7,ACSp,17,397,6
SFJS7,ACSp,18,397,4
SFJS7,ACSp,19,405,5
SFJS7,ACSp,20,397,7
SFJS7,ACSp,21,397,5
SFJS7,ACSp,22,397,7
SFJS7,ACSp,23,397,7
SFJS7,ACSp,24,397,6
SFJS7,ACSp,25,397,6
SFJS7,ACSp,26,397,10
SFJS7,ACSp,27,397,5
SFJS7,ACSp,28,397,6
SFJS7,ACSp,29,397,5
SFJS7,ACSp,30,397,5
SFJS7,ECT,1,432,0
SFJS7,ECT,2,432,0
SFJS7,ECT,3,432,0
SFJS7,ECT,4,432,0
SFJS7,ECT,5,432,0
SFJS7,ECT,6,432,0
SFJS7,ECT,7,432,0
SFJS7,ECT,8,432,0
SFJS7,ECT,9,432,0
SFJS7,ECT,10,432,0
SFJS7,ECT,11,432,0
SFJS7,ECT,12,432,0
SFJS7,ECT,13,432,0
SFJS7,ECT,14,432,0
SFJS7,ECT,15,432,0
SFJS7,ECT,16,432,0
SFJS7,ECT,17,432,0
SFJS7,ECT,18,432,0
SFJS7,ECT,19,432,0
SFJS7,ECT,20,432,0
SFJS7,ECT,21,432,0
SFJS7,ECT,22,432,0
SFJS7,ECT,23,432,0
SFJS7,ECT,24,432,0
SFJS7,ECT,25,432,0
SFJS7,ECT,26,432,0
SFJS7,ECT,27,432,0
SFJS7,ECT,28,432,0
SFJS7,ECT,29,432,0
SFJS7,ECT,30,432,0
SFJS8,ACSi,1,253,26
SFJS8,ACSi,2,256,10
SFJS8,ACSi,3,256,10
SFJS8,ACSi,4,256,10
SFJS8,ACSi,5,253,18
SFJS8,ACSi,6,253,8
SFJS8,ACSi,7,256,13
SFJS8,ACSi,8,253,15
SFJS8,ACSi,9,253,15
SFJS8,ACSi,10,253,6
SFJS8,ACSi,11,256,8
SFJS8,ACSi,12,253,8
SFJS8,ACSi,13,256,11
SFJS8,ACSi,14,253,8
SFJS8,ACSi,15,253,12
SFJS8,ACSi,16,253,10
SFJS8,ACSi,17,256,14
SFJS8,ACSi,18,264,7
SFJS8,ACSi,19,253,19
SFJS8,ACSi,20,256,13
SFJS8,ACSi,21,253,10
SFJS8,ACSi,22,256,10
SFJS8,ACSi,23,253,13
SFJS8,ACSi,24,253,11
SFJS8,ACSi,25,256,8
SFJS8,ACSi,26,253,11
SFJS8,ACSi,27,267,11
SFJS8,ACSi,28,256,13
SFJS8,ACSi,29,267,12
SFJS8,ACSi,30,256,21
SFJS8,ACSp,1,253,22
SFJS8,ACSp,2,256,10
SFJS8,ACSp,3,253,14
SFJS8,ACSp,4,270,5
SFJS8,ACSp,5,253,9
SFJS8,ACSp,6,270,5
SFJS8,ACSp,7,253,6
SFJS8,ACSp,8,256,8
SFJS8,ACSp,9,253,5
SFJS8,ACSp,10,253,7
SFJS8,ACSp,11,256,6
SFJS8,ACSp,12,256,8
SFJS8,ACSp,13,253,12
SFJS8,ACSp,14,253,9
SFJS8,ACSp,15,256,13
SFJS8,ACSp,16,256,8
SFJS8,ACSp,17,270,8
SFJS8,ACSp,18,256,10
SFJS8,ACSp,19,256,5
SFJS8,ACSp,20,256,10
SFJS8,ACSp,21,256,5
SFJS8,ACSp,22,264,8
SFJS8,ACSp,23,256,7
SFJS8,ACSp,24,253,9
SFJS8,ACSp,25,256,9
SFJS8,ACSp,26,253,6
SFJS8,ACSp,27,256,6
SFJS8,ACSp,28,256,8
SFJS8,ACSp,29,253,11
SFJS8,ACSp,30,253,6
SFJS8,ECT,1,327,0
SFJS8,ECT,2,327,0
SFJS8,ECT,3,327,0
SFJS8,ECT,4,327,0
SFJS8,ECT,5,327,0
SFJS8,ECT,6,327,0
SFJS8,ECT,7,327,0
SFJS8,ECT,8,327,0
SFJS8,ECT,9,327,0
SFJS8,ECT,10,327,0
SFJS8,ECT,11,327,0
SFJS8,ECT,12,327,0
SFJS8,ECT,13,327,0
SFJS8,ECT,14,327,0
SFJS8,ECT,15,327,0
SFJS8,ECT,16,327,0
SFJS8,ECT,17,327,0
SFJS8,ECT,18,327,0
SFJS8,ECT,19,327,0
SFJS8,ECT,20,327,0
SFJS8,ECT,21,327,0
SFJS8,ECT,22,327,0
SFJS8,ECT,23,327,0
SFJS8,ECT,24,327,0
SFJS8,ECT,25,327,0
SFJS8,ECT,26,327,0
SFJS8,ECT,27,327,0
SFJS8,ECT,28,327,0
SFJS8,ECT,29,327,0
SFJS8,ECT,30,327,0
SFJS9,ACSi,1,220,19
SFJS9,ACSi,2,220,17
SFJS9,ACSi,3,240,8
SFJS9,ACSi,4,240,10
SFJS9,ACSi,5,220,14
SFJS9,ACSi,6,230,12
SFJS9,ACSi,7,240,6
SFJS9,ACSi,8,215,6
SFJS9,ACSi,9,220,11
SFJS9,ACSi,10,220,10
SFJS9,ACSi,11,230,6
SFJS9,ACSi,12,230,6
SFJS9,ACSi,13,220,6
SFJS9,ACSi,14,227,10
SFJS9,ACSi,15,220,5
SFJS9,ACSi,16,215,7
SFJS9,ACSi,17,220,6
SFJS9,ACSi,18,215,7
SFJS9,ACSi,19,230,12
SFJS9,ACSi,20,215,8
SFJS9,ACSi,21,215,15
SFJS9,ACSi,22,215,9
SFJS9,ACSi,23,230,5
SFJS9,ACSi,24,230,7
SFJS9,ACSi,25,237,11
SFJS9,ACSi,26,220,12
SFJS9,ACSi,27,220,11
SFJS9,ACSi,28,215,7
SFJS9,ACSi,29,215,8
SFJS9,ACSi,30,225,11
SFJS9,ACSp,1,230,21
SFJS9,ACSp,2,215,14
SFJS9,ACSp,3,215,12
SFJS9,ACSp,4,227,6
SFJS9,ACSp,5,215,7
SFJS9,ACSp,6,215,7
SFJS9,ACSp,7,230,11
SFJS9,ACSp,8,227,11
SFJS9,ACSp,9,220,6
SFJS9,ACSp,10,215,8
SFJS9,ACSp,11,237,8
SFJS9,ACSp,12,215,5
SFJS9,ACSp,13,215,6
SFJS9,ACSp,14,215,8
SFJS9,ACSp,15,230,10
SFJS9,ACSp,16,215,4
SFJS9,ACSp,17,220,10
SFJS9,ACSp,18,220,4
SFJS9,ACSp,19,227,11
SFJS9,ACSp,20,227,11
SFJS9,ACSp,21,215,6
SFJS9,ACSp,22,215,9
SFJS9,ACSp,23,215,6
SFJS9,ACSp,24,230,6
SFJS9,ACSp,25,227,4
SFJS9,ACSp,26,230,6
SFJS9,ACSp,27,220,7
SFJS9,ACSp,28,220,5
SFJS9,ACSp,29,225,9
SFJS9,ACSp,30,215,8
SFJS9,ECT,1,267,0
SFJS9,ECT,2,267,0
SFJS9,ECT,3,267,0
SFJS9,ECT,4,267,0
SFJS9,ECT,5,267,0
SFJS9,ECT,6,267,0
SFJS9,ECT,7,267,0
SFJS9,ECT,8,267,0
SFJS9,ECT,9,267,0
SFJS9,ECT,10,267,0
SFJS9,ECT,11,267,0
SFJS9,ECT,12,267,0
SFJS9,ECT,13,267,0
SFJS9,ECT,14,267,0
SFJS9,ECT,15,267,0
SFJS9,ECT,16,267,0
SFJS9,ECT,17,267,0
SFJS9,ECT,18,267,0
SFJS9,ECT,19,267,0
SFJS9,ECT,20,267,0
SFJS9,ECT,21,267,0
SFJS9,ECT,22,267,0
SFJS9,ECT,23,267,0
SFJS9,ECT,24,267,0
SFJS9,ECT,25,267,0
SFJS9,ECT,26,267,0
SFJS9,ECT,27,267,0
SFJS9,ECT,28,267,0
SFJS9,ECT,29,267,0
SFJS9,ECT,30,267,0
